<?xml version="1.0" encoding="UTF-8"?>
<beans:beans xmlns="http://www.springframework.org/schema/beans"
	xmlns:xsi="http://www.w3.org/2001/XMLSchema-instance" xmlns:beans="http://www.springframework.org/schema/beans"
	xmlns:context="http://www.springframework.org/schema/context"
	xmlns:util="http://www.springframework.org/schema/util" xmlns:tx="http://www.springframework.org/schema/tx"
	xmlns:rabbit="http://www.springframework.org/schema/rabbit" xmlns:jdbc="http://www.springframework.org/schema/jdbc"
	xmlns:task="http://www.springframework.org/schema/task"
	xmlns:mvc="http://www.springframework.org/schema/mvc"
	xsi:schemaLocation="http://www.springframework.org/schema/mvc http://www.springframework.org/schema/mvc/spring-mvc-3.0.xsd
		http://www.springframework.org/schema/beans http://www.springframework.org/schema/beans/spring-beans-3.0.xsd
		http://www.springframework.org/schema/context http://www.springframework.org/schema/context/spring-context-3.0.xsd
		http://www.springframework.org/schema/util http://www.springframework.org/schema/util/spring-util-3.0.xsd
		http://www.springframework.org/schema/tx http://www.springframework.org/schema/tx/spring-tx-3.1.xsd
		http://www.springframework.org/schema/rabbit http://www.springframework.org/schema/rabbit/spring-rabbit-1.0.xsd
        http://www.springframework.org/schema/jdbc http://www.springframework.org/schema/jdbc/spring-jdbc-3.0.xsd
        http://www.springframework.org/schema/task http://www.springframework.org/schema/task/spring-task-3.0.xsd
        http://www.springframework.org/schema/mvc http://www.springframework.org/schema/mvc/spring-mvc-3.1.xsd">

	<!-- DispatcherServlet Context: defines this servlet's request-processing infrastructure -->
	<!-- 
	<context:component-scan base-package="com.coloredshapes.coreservices" />
	 -->
	<context:component-scan base-package="com.coloredshapes.coreservices.web.controller" />
	<context:component-scan base-package="com.coloredshapes.coreservices.service" resource-pattern="**/*Impl.class"/>
	<context:component-scan base-package="com.coloredshapes.coreservices.message" />
	<context:component-scan base-package="com.coloredshapes.coreservices.dao"  resource-pattern="**/*Impl.class"/>
	<context:component-scan base-package="com.coloredshapes.coreservices.domain" />
	<context:component-scan base-package="com.coloredshapes.coreservices.domain.entity" />
	<context:component-scan base-package="com.coloredshapes.coreservices.util" />

	<context:property-placeholder location="file:///${coloredshapes.cfg}/core-services/${coloredshapes.env}/database.properties,file:///${coloredshapes.cfg}/core-services/${coloredshapes.env}/amqp.properties,file:///${coloredshapes.cfg}/core-services/${coloredshapes.env}/emails.properties,classpath:core-services.properties" />
	<util:properties id="envProperties" location="file:///${coloredshapes.cfg}/core-services/${coloredshapes.env}/env.properties" />
	<util:properties id="errProperties" location="file:///${coloredshapes.cfg}/core-services/${coloredshapes.env}/error.properties" />
	
	<!-- Enables the Spring MVC @Controller programming model -->
	<mvc:annotation-driven />

	<!-- Handles HTTP GET requests for /resources/** by efficiently serving 
		up static resources in the ${webappRoot}/resources directory -->
	<mvc:resources mapping="/css/**" location="/css/" />
	<mvc:resources mapping="/images/**" location="/img/" />
	<mvc:resources mapping="/scripts/**" location="/js/" />

	<mvc:interceptors>
	 	 <!-- This runs for all mappings -->
	     <bean class="com.coloredshapes.coreservices.web.interceptor.AuthenticationInterceptor" />
	     <bean class="com.coloredshapes.coreservices.web.interceptor.AuthorizationInterceptor" />
	</mvc:interceptors>		
	
	<bean id="jsonAmqpMessageConverter"
		class="org.springframework.amqp.support.converter.JsonMessageConverter" />

	<bean
		class="org.springframework.web.servlet.mvc.annotation.AnnotationMethodHandlerAdapter">
		<property name="messageConverters">
			<util:list>
				<ref bean="jsonHttpMessageConverter" />
			</util:list>
		</property>
	</bean>

	<bean id="JacksonObjectMapper" class="org.codehaus.jackson.map.ObjectMapper" />

	<bean
		class="org.springframework.web.servlet.view.ContentNegotiatingViewResolver">
		<property name="mediaTypes">
			<map>
				<entry key="json" value="application/json" />
				<entry key="xml" value="application/xml" />
				<entry key="html" value="text/html" />
			</map>
		</property>
		
		<property name="defaultContentType" value="application/json"/>
		<property name="favorParameter" value="false"/>
		<property name="favorPathExtension" value="true"/>
		<property name="ignoreAcceptHeader" value="false" />

		<property name="defaultViews">
			<list>
				<bean
					class="org.springframework.web.servlet.view.json.MappingJacksonJsonView">
					<property name="objectMapper">
						<ref bean="JacksonObjectMapper" />
					</property>
				</bean>
			</list>
		</property>

		<property name="viewResolvers">
			<list>
				<bean class="org.springframework.web.servlet.view.BeanNameViewResolver" />
				<bean id="viewResolver"
					class="org.springframework.web.servlet.view.InternalResourceViewResolver">
					<property name="viewClass"
						value="org.springframework.web.servlet.view.JstlView" />
					<property name="prefix" value="/WEB-INF/jsp/" />
					<property name="suffix" value=".jsp" />
				</bean>
				<bean class="org.springframework.web.servlet.view.UrlBasedViewResolver">
					<property name="viewClass"
						value="org.springframework.web.servlet.view.JstlView" />
				</bean>
			</list>
		</property>
	</bean>

	<bean id="multipartResolver"
  		class="org.springframework.web.multipart.commons.CommonsMultipartResolver"/>

	<bean id="jsonHttpMessageConverter"
		class="org.springframework.http.converter.json.MappingJacksonHttpMessageConverter">
		<property name="supportedMediaTypes" value="application/json" />
	</bean>
	<bean id="restTemplate" class="org.springframework.web.client.RestTemplate">
		<property name="messageConverters">
			<util:list>
				<ref bean="jsonHttpMessageConverter" />
			</util:list>
		</property>
	</bean>
	
	<bean id="restDefaultTemplate" class="org.springframework.web.client.RestTemplate">
	</bean>

	<bean id="messageSource"
		class="org.springframework.context.support.ResourceBundleMessageSource">
		<property name="basename" value="messages" />
	</bean>
	
	<!-- Enables the Spring Asynchronous features -->
	<task:annotation-driven executor="taskExecutor"/>
	<task:executor id="taskExecutor" pool-size="5" keep-alive="300"/>

	<!-- Data source & ORM -->
	<beans:bean id="entityManager"
		class="org.springframework.orm.jpa.LocalContainerEntityManagerFactoryBean">
		<beans:property name="dataSource" ref="dataSource" />
		<beans:property name="packagesToScan" value="com.coloredshapes.coreservices.domain" />
		<beans:property name="jpaDialect">
			<beans:bean class="org.springframework.orm.jpa.vendor.HibernateJpaDialect" />
		</beans:property>
		<beans:property name="jpaVendorAdapter">
			<beans:bean
				class="org.springframework.orm.jpa.vendor.HibernateJpaVendorAdapter">
				<beans:property name="showSql" value="${hibernate.show_sql}" />
				<beans:property name="generateDdl" value="${jpa.generateDdl}" />
				<beans:property name="databasePlatform" value="${persistence.dialect}" />
			</beans:bean>
		</beans:property>
	</beans:bean>

	<beans:bean id="dataSource"
		class="org.springframework.jdbc.datasource.DriverManagerDataSource">
		<beans:property name="driverClassName" value="${db.driver}" />
		<beans:property name="url" value="${db.url}" />
		<beans:property name="username" value="${db.user}" />
		<beans:property name="password" value="${db.password}" />
	</beans:bean>
   

	<!-- <jdbc:embedded-database id="dataSource" type="HSQL"/> -->
	<beans:bean id="transactionManager"
		class="org.springframework.orm.jpa.JpaTransactionManager">
		<beans:property name="entityManagerFactory" ref="entityManager" />
	</beans:bean>

	<tx:annotation-driven />
   
  	<!-- Configuration for Emails -->

	<beans:bean id="mailSender"
		class="org.springframework.mail.javamail.JavaMailSenderImpl">
		<beans:property name="host" value="${email.host}" />
		<beans:property name="port" value="${email.port}" />
		<beans:property name="protocol" value="${email.protocol}" />
        <beans:property name="username" value="${email.username}"/>
        <beans:property name="password" value="${email.password}"/>
	</beans:bean>

	<beans:bean id="templateMessage" class="org.springframework.mail.SimpleMailMessage">
		<beans:property name="from" value="${email.from}" />
		<beans:property name="subject" value="${email.subject}" />
	</beans:bean>
  
  	<!-- Configuration for RabbitMQ -->

	<rabbit:connection-factory id="connectionFactory"
		host="${amqp.host}" port="${amqp.port}" 
		username="${amqp.username}"
		password="${amqp.password}" />

	<rabbit:template id="amqpTemplate" connection-factory="connectionFactory" message-converter="jsonAmqpMessageConverter"/>
	
	<rabbit:admin connection-factory="connectionFactory" />

	<rabbit:queue name="${amqp.queue}" />
    <rabbit:queue name="${amqp.eventChangeRequestQueue}" />
    <rabbit:queue name="${amqp.membershipConfirmationQueue}" />
    <rabbit:queue name="${amqp.torAcceptanceQueue}" />
    <rabbit:queue name="${amqp.torDeclinationQueue}" />
	<rabbit:topic-exchange name="${amqp.exchange}">
		<rabbit:bindings>
			<rabbit:binding queue="${amqp.queue}" pattern="${amqp.rotingKey}" />
			<rabbit:binding queue="${amqp.eventChangeRequestQueue}" pattern="${amqp.eventChangeRequestKey}" />
			<rabbit:binding queue="${amqp.membershipConfirmationQueue}" pattern="${amqp.membershipConfirmationKey}" />
			<rabbit:binding queue="${amqp.torAcceptanceQueue}" pattern="${amqp.torAcceptanceKey}" />
			<rabbit:binding queue="${amqp.torDeclinationQueue}" pattern="${amqp.torDeclinationKey}" />
		</rabbit:bindings>
	</rabbit:topic-exchange>

	<bean id="dozerBeanMapper" class="org.dozer.DozerBeanMapper">
		<!-- 
		<property name="mappingFiles">
			<list>
				<value>dozer-global-configuration.xml</value>
				<value>dozer-bean-mappings.xml</value>
				<value>more-dozer-bean-mappings.xml</value>
			</list>
		</property>
		 -->
	</bean>
          
</beans:beans>