<?xml version="1.0" encoding="UTF-8"?>
<mappings xmlns="http://dozer.sourceforge.net"
      xmlns:xsi="http://www.w3.org/2001/XMLSchema-instance"
      xsi:schemaLocation="http://dozer.sourceforge.net http://dozer.sourceforge.net/schema/beanmapping.xsd">
<mapping><class-a>com.coloredshapes.coreservices.domain.dto.GroupCompleteDto</class-a><class-b>com.coloredshapes.coreservices.domain.entity.Group</class-b><field><a>address</a><b>phoneNumber</b></field><field><a>address</a><b>address</b></field><field><a get-method="getPostalCode"></a><b>postalCode</b></field><field><a get-method="getProvince" set-method="setProvince">province</a><b get-method="getProvince" set-method="setProvince">province</b></field><field><a>city</a><b>city</b></field></mapping></mappings>
